IssueKey,DepartmentTypeId,DepartmentName
21b25fae-780b-46d1-9556-7a4b53385e87,5e50c178-61ed-4991-af70-e29bcde8ada9,Surveillance CRE
a42eb4db-d7e4-44b8-8556-206aa6e5e176,97119fc7-16de-42ff-9dd8-9f9182404672,Information Security
4a3f37ce-cd72-4684-b145-489edbbe7243,a299022b-4168-40c2-8861-237dbcaf9c2e,Data Onboarding
bd9e3867-a1ac-4985-ab6a-77f6fae23a34,9880e407-52f1-44c9-918f-6ec4637f5a91,Loan Servicing & Banking
a73eeea8-f6a1-46a3-8946-b76523ca3cb5,ed46c672-51f7-4f08-aefb-f36ecdf713c7,Finance
9ed561f8-c559-4db6-8593-3203e334e5a9,781ac574-a1fe-45a0-b2c8-90af408ad0a0,Surveillance CRE
870d8906-d5f5-443c-903a-3dd131f66202,09341769-448e-437c-9873-6b9ee9f1532d,Surveillance Infrastructure
a73eeea8-f6a1-46a3-8946-b76523ca3cb5,fdb843a6-b23b-4b66-9d3b-7e8ee06afd82,Surveillance Infrastructure
f5266d7a-a9be-4a8d-a0b0-ee3213a7e70e,5b8128f3-117c-45af-a73e-e6d1a1ddc313,Loan Servicing & Banking
09d5efd5-2a02-457b-9f7a-4ba29f53073a,9b7b80f2-5080-4b4c-9259-9236a511770a,IT
381d5280-fa19-44d8-9d79-a844ba700ac8,57da2c9a-c82e-4dd6-abfa-69e773a0a4f9,Surveillance Infrastructure
ad5917ec-b631-4a7c-8f32-fe641d0bdc9d,32172aa9-d936-404f-9ac0-1186f6c6fb7d,Surveillance CRE
4f306e58-7bbe-41e4-a25c-c977c2065288,50dc0f2d-46ac-4a6b-98ab-4b17be0e5a06,IT
833ccdb4-0e72-438c-b998-2e84af17b535,30318d41-311b-4616-bc88-a48dca7a9f4f,IT
5fe6d9f1-5269-4931-966d-f88e1f35bd38,e0a7aa91-0eb5-40c9-a3e6-66f653d9ab41,Data Onboarding
870d8906-d5f5-443c-903a-3dd131f66202,644e338c-c7f8-4b28-9292-c4b1bc843d5a,Surveillance Infrastructure
21b25fae-780b-46d1-9556-7a4b53385e87,04b76f1e-bb91-4f76-8281-681999b0128d,Data Onboarding
67cfa50e-a1f4-43ac-94d8-91f0c02ff9a2,1390842c-ee28-4180-af79-4a3af92fe3ee,Information Security
56b009f0-7596-4f15-9e18-863609826a9d,3a9a1b75-b9dd-493f-90dc-9386e100878c,Loan Servicing & Banking
9ed561f8-c559-4db6-8593-3203e334e5a9,cdd3627c-fd5f-44df-b3f7-095bf97193f2,Surveillance CRE
db0c3641-8f9d-4275-b9f3-05d845875b70,94d0ad44-ccd6-4ce1-9d1b-9afe85b9a86a,Operations
83269e0b-1e70-4d65-b9ad-5fe696752f33,a20ea90d-38dd-4e1b-b6c8-ffa39eae53a2,Data Onboarding
0ba610a0-1579-4253-be69-c63d11c7126d,9e8987bb-9eb6-4a33-8040-b2a53e4a4f82,Compliance
92b2ab2b-0ea6-46c0-a08c-1abe4c34b422,5a6eabcf-4db7-4447-a7e0-149923847ba1,Finance
96ff44fe-0cd3-47d7-908f-8d7109d195dc,cc00dbac-3e4a-4010-bb5d-fd84042bc8bf,Surveillance Infrastructure
96ff44fe-0cd3-47d7-908f-8d7109d195dc,a9c5b9d7-2b76-45c2-bee8-55ddea09f96c,Finance
5985b1a4-d6eb-4aef-bc41-45a1d8603000,d3f537ce-671d-4784-bddd-36bf4c979b91,IT
f78ddc4b-9b9e-46c2-99d1-c275feed295a,1fc57579-a621-4305-b277-de15767cc86a,Surveillance CRE
8a06f69f-1401-4e85-a6cd-3461136d6fbc,a3a753c8-a94a-4895-8bd4-d7d93d691dae,Operations
336b225b-0734-4d14-bc37-0f3db3cdc23f,dcd105f6-762e-4d51-87e9-467000fbc312,Investor Reporting
c40c77cf-fc82-4547-9e3c-cbba8cb6e0ca,700aa427-7b58-4567-9df2-20316be6b3a1,Surveillance Infrastructure
29d91c82-8187-40fb-8b15-c4452ec0fbfc,9f0ae8b6-a7de-41a2-bf7b-b3f9041e71ee,Operations
6873d151-a28f-4543-854e-62ff192c3260,4e5c76e6-7334-4c7f-9f7c-b1e0917e8c81,Information Security
b9ab4e9c-8e7f-4d50-b22a-f581626d6a1a,a4df2c37-573d-44c4-84ba-c0a480e1dab1,Surveillance Infrastructure
b195e1ff-c588-4462-bd21-3a6409181cca,4b6ac8a8-3bf9-4c33-a3b6-b0e446095685,External Party
ead742f6-b4b5-4d46-89a1-20a230875b15,77ad9039-3887-44a3-bcca-93d761bf553f,Loan Servicing & Banking
258756cb-7ba0-4546-8479-e557cdcf1eab,1f2a4a7e-f4a2-4dc4-9683-157b6baaa316,IT
79cc44fa-706d-4a00-8ec7-0e8784823adb,0ae10143-7f08-421e-886e-21611383640a,Surveillance Infrastructure
dde1afdc-ae86-459e-a83a-de5ca3d9e8ca,f6446671-81dd-4c23-87e2-65f7b11b120e,Data Onboarding
18fce605-4e11-4c28-b8a6-3f944d9c566f,7b852ee7-5af9-45fb-bad6-f7a427d16e4a,Surveillance Infrastructure
7e9f4fae-1779-4876-9ef0-3e93125738d5,fe1e467a-98c6-4010-87a4-c749b4431326,Investor Reporting
34555fed-b447-4c11-ac2a-1818ec2abaee,4afe48c0-213e-4ed6-8b61-1801b761619d,IT
a4c7fd38-163b-40a2-92f2-2924835340c6,ae2fe027-2ca0-490b-bfd2-4bf6bee8beaa,IT
3c9cd518-f059-40cf-89f4-8b79352ac6c8,1475a245-3782-472e-a09b-bd9b7d89503a,Surveillance Infrastructure
c80c4b6e-671f-4c8f-9ed9-a8ce44c8ad90,ca4c3b0a-9f4e-4637-b8f5-36f9ccbca769,IT
a1cd5b4d-c712-4bf2-9bd3-5a5f1a2edcaf,5e5f4494-28a1-4cb9-a122-ae040be181a3,Data Onboarding
2de837b5-7184-42b2-9719-8129c6fc17c1,0a47cdc7-2cbf-4517-89e4-663d6c35ba78,External Party
7a1c9897-662e-4e96-b996-b65f3047ada9,ab4efc54-e1a3-40b3-8306-821bf086b486,External Party
2fdf0322-1b91-43f5-83cb-169d51bb5bbb,79cce7d2-ebcf-40ce-af2d-8e5284665437,Data Onboarding
194e2abc-f806-498f-bdb6-fe0928261794,c6019065-c410-4931-b332-8029337002e9,External Party
11343545-d8a1-42f3-9985-4360df5d0e42,6a1a35d5-3ba9-4799-b3f9-62cbdd301066,IT
788a9135-9a68-4bfe-9599-eb524041a558,39c0d80d-8d7b-4e98-afd3-9f176e01df15,Finance
a599e2ba-eb67-4762-8987-3ea189f8a509,26a6c3a5-a6a7-4866-8a7b-35f1f922ad58,Compliance
a7cb624e-c752-4874-a381-8c569717403e,e6aff33c-a4b8-4db4-a900-39b36144e49d,IT
a2ddcc8e-c48f-434b-bc4e-9d3a24bff612,327745bb-1a80-46a4-a2e0-0f4ec8a03a6d,Surveillance CRE
a83f3a9d-77a8-48c8-80cc-ad726bf4b43d,38f06a1d-c316-4c3a-bd32-e823fa2300e7,IT
a1cd5b4d-c712-4bf2-9bd3-5a5f1a2edcaf,376d5abe-07e4-4bba-bb10-285d03914a8a,Information Security
895b66d6-d8ba-4a8b-8e2e-b56f3d462a82,9c7ac06c-43f5-4e99-ad77-35310620b2c0,Compliance
78a03c1f-9824-41ec-8766-c48a8c830d73,ed3baf32-fa72-426c-ac53-97af658670fe,Surveillance Infrastructure
be7fda8c-e16c-4b21-b2b2-412c99d5510a,ab84dbd5-fd4f-45d9-9f23-c8f35c1a3af9,Surveillance Infrastructure
5ca749e7-2980-41f6-9ff3-bfe27ae72a8a,0193d131-3da2-4c8b-bbdb-401971347108,Loan Servicing & Banking
00a37a83-cdfc-44c8-bbfa-9c5e69e69fb4,9ca1c5e9-b5e6-4652-b55b-5cebdb25d725,Investor Reporting
8e311c2f-0727-4aac-9877-6ec85073b830,c121972d-e38e-4ad6-90c4-9757649568d8,Operations
493a85c9-c3e2-4422-b328-a97a879ee284,61c6846c-b918-4c54-93ca-2b2508a58204,Information Security
ed0dd99c-a357-4406-8713-216a01f1d18f,7d652800-6a14-4ae6-93f9-7454fbd8dc0f,IT
770c67f3-f03a-42b0-bb5b-a7fb495d9918,81b893c3-1162-4552-9ba8-bcad5831fc82,Compliance
fc40e6e9-4342-4100-8619-7d3b62487c50,598b654c-6452-4ccb-955d-74553d9dc0be,Information Security
c11cda06-18e7-44e1-9d0b-509f1d07d099,c5582c6e-1791-4ac5-bbde-205b4f91920e,Investor Reporting
c80c4b6e-671f-4c8f-9ed9-a8ce44c8ad90,389f1c7f-2aba-45e1-ba7a-3bd3d928b38a,Loan Servicing & Banking
788a9135-9a68-4bfe-9599-eb524041a558,8551734d-c9d5-4ea3-9e3c-fe7b19d5b9a8,IT
97616c18-9e4b-4cf5-95c3-555c1f566d69,c2e0b51b-5763-4668-94c5-cba4ed2303fa,Finance
008fd293-5f1c-43b5-9021-66e06cc30d14,1a9da980-37e1-4716-936e-62c1931ccfb5,Investor Reporting
c11cda06-18e7-44e1-9d0b-509f1d07d099,56e3f23f-d076-47c4-bfa4-5cf064ee3773,External Party
ca6c8bbe-d9bd-4e5e-a047-9f9db72d7f86,c79a86d7-d044-4e96-9a24-174b26d7771f,Loan Servicing & Banking
83d43304-9bf3-4435-a236-0269427a8906,58c6e868-1b39-4647-9a27-339590023754,Surveillance Infrastructure
2a43773b-c8e1-49c3-9d17-24c44ba3c305,1c70a0ad-1cd1-4159-bc84-4fd9c9eab18e,Data Onboarding
78a03c1f-9824-41ec-8766-c48a8c830d73,47d4c237-eda7-4a3d-9855-9b9b94e99a4a,Loan Servicing & Banking
be7fda8c-e16c-4b21-b2b2-412c99d5510a,895f36d1-49c9-4ecf-8c24-b7ad5508dbf2,Data Onboarding
92b2ab2b-0ea6-46c0-a08c-1abe4c34b422,67ba65c0-15b0-4b27-b5dd-0f42f4ecc024,IT
4a3f37ce-cd72-4684-b145-489edbbe7243,93b7170b-70f8-46fd-b71e-824a80484786,Data Onboarding
97525b87-adae-4e52-938c-b036a5845e15,4680804c-9cfe-4720-bef2-31c267f062b0,Information Security
ccc944bb-3edd-494c-9d21-099687b07deb,faa7f90d-0602-494b-83e8-0cabfb7c6fbd,Surveillance Infrastructure
8abb6f01-1248-451c-8059-98b679315ea4,551219bc-d2c3-46dd-bf15-ea83e2c6730c,Operations
a4c7fd38-163b-40a2-92f2-2924835340c6,db3bf9d7-eb16-4e8a-9f93-c846984cc3cd,Loan Servicing & Banking
4b9b7d2d-7d92-488c-b2aa-44b51f59867f,8561dd73-c5d9-4433-885e-5cb3934cb0ba,IT
3f9b1eb7-9b8f-4838-a116-e3182fc5ed48,ff23df22-dbc1-4e61-b5b1-5a96c91e94ab,IT
56b009f0-7596-4f15-9e18-863609826a9d,56df89c5-665a-4a45-ae42-7ff95539516a,Information Security
e2c4097f-7ae1-4a2b-8cf2-ea9581788ce1,3b9dee82-26ac-4c5e-aafc-783498e6f176,Surveillance Infrastructure
f5266d7a-a9be-4a8d-a0b0-ee3213a7e70e,e1cfae39-2972-4510-a7c9-a88f4d87c73c,External Party
11343545-d8a1-42f3-9985-4360df5d0e42,27f6c724-8eda-4a7c-b429-536f2e283f4a,External Party
8e311c2f-0727-4aac-9877-6ec85073b830,f137e837-9735-449e-9936-ce2121f66335,Investor Reporting
a73eeea8-f6a1-46a3-8946-b76523ca3cb5,f890779d-787d-422b-94a8-986e87525777,Compliance
8c108853-765f-4796-9906-792f2f616230,fd405efa-b391-4768-adf9-74acbfdcf304,Finance
69db151b-a122-4bb4-a97b-cae0fdec88d6,db5aa38d-5021-425b-a199-9681698bf9ea,Surveillance Infrastructure
4a3f37ce-cd72-4684-b145-489edbbe7243,e775d558-4fba-4802-a551-75409f19902d,Finance
8a06f69f-1401-4e85-a6cd-3461136d6fbc,6222a45e-a2a5-4a3b-9012-6163aa2c8b8e,Information Security
86ef32fa-0b8d-48e6-8128-7c34a2b7e9be,4b094b12-cc59-4530-bb6d-43685996f97a,Finance
fc40e6e9-4342-4100-8619-7d3b62487c50,8c84d677-a900-4f94-8773-7c44a79c60a3,Investor Reporting
408e9ddf-e8df-4f02-8be6-e3eee3062d6c,2fad7588-c85b-42b1-8d0e-b1ab501fcec1,Data Onboarding
d257ac61-57fc-4e46-a455-e3ce3d0a8a23,5bc17d25-f2d2-47c5-b3ff-2bd759abf549,Data Onboarding
b41375c1-3982-4bfa-bba9-513d75c4a7cb,861744df-bf6e-4d73-ac2c-75d2cbbe1a90,External Party
9ea8d6c9-9406-4b8d-b0cb-72bd05598148,7eade316-227c-4562-822f-a911bdde13f7,Compliance
bb9041fa-59eb-43e5-8b2e-297df8aeb05b,ebcbc279-bbf9-4e61-870d-37dfd6d1ca9c,Surveillance Infrastructure
83269e0b-1e70-4d65-b9ad-5fe696752f33,fd97017e-4d43-469d-a9cc-e789f66c71a3,Compliance
83d43304-9bf3-4435-a236-0269427a8906,b411923d-c05e-4155-9625-52eeabfbd30f,Information Security
bd9e3867-a1ac-4985-ab6a-77f6fae23a34,74833f7d-bced-414a-b531-f170617da774,Finance
dfe1c44f-979f-4f7c-a447-9f3c2b3ee8e8,f4ad4380-f869-4a82-895a-8c1b0037d269,Surveillance Infrastructure
7ec7d5e5-fe89-41e9-a7f7-39c582e723a0,5de46515-1c9c-4936-98dc-f2ad1599608c,Compliance
ad8ab490-ee4e-47e0-bb01-7e8dc7a92bce,7f3bff88-b7a5-4852-9ad8-09f64653217a,External Party
7ec7d5e5-fe89-41e9-a7f7-39c582e723a0,e4aa9bf4-d1f1-4d89-bc0a-d96916c702a2,Operations
f6053be9-ef5a-4d58-9e08-9ae9fef4c9a6,4a76d83a-2913-4a5e-b741-df41b8029556,Data Onboarding
2de837b5-7184-42b2-9719-8129c6fc17c1,09c12ba5-31be-435d-bc6f-c61affde0645,Finance
6873d151-a28f-4543-854e-62ff192c3260,ca8f736f-2281-47b2-9477-a440a8953d60,Surveillance CRE
d9168fa7-8840-44e4-989e-5afc23ed53d8,35f34dd1-1749-4c7d-8b6e-bed410299c06,Information Security
34555fed-b447-4c11-ac2a-1818ec2abaee,95de9f65-d5e4-4f75-966e-4c56934a17b5,Surveillance CRE
be7fda8c-e16c-4b21-b2b2-412c99d5510a,b1807eff-7220-42fe-a6a4-7552d7307728,Investor Reporting
f6053be9-ef5a-4d58-9e08-9ae9fef4c9a6,bee007bf-989e-484a-9e12-599f1dcbc9ab,Loan Servicing & Banking
61686e27-db02-46ec-8710-44ad67464106,113cf7d6-e031-4334-a698-361f4bf94dc9,External Party
2388a55f-e887-4d8d-a8f1-a5cefcd37b96,ca188d4b-58c9-4455-9c96-bf9aa8f2721c,Loan Servicing & Banking
2f9fd07f-1e88-4c30-998c-997967ab55ce,a2c148ab-576b-4aac-a059-76667da397db,Investor Reporting
833ccdb4-0e72-438c-b998-2e84af17b535,da7a01dd-7fda-4ae3-a046-56acc314e574,Compliance
c48d1155-6e33-4bf4-ae8e-b1ed996d70fa,a4626c20-709c-4df3-899f-33a72deac5fb,Surveillance CRE
b41375c1-3982-4bfa-bba9-513d75c4a7cb,e10ec42b-cd8c-49e9-a6aa-ee38e9c72284,IT
00a37a83-cdfc-44c8-bbfa-9c5e69e69fb4,32d21bd8-8844-4aa0-9213-d46bc8e4136e,Compliance
92b2ab2b-0ea6-46c0-a08c-1abe4c34b422,27a21235-4161-4da7-8342-b2367a5ff2d0,Operations
0ba610a0-1579-4253-be69-c63d11c7126d,518f9e58-ed4f-45ac-bb85-fb29b9116c1f,Surveillance Infrastructure
8605233b-fbdd-4f0d-9f89-46de03541673,b62af392-fdc6-4b35-936a-317168f3eec6,Data Onboarding
8f8155fc-8334-4007-b4f1-0cfb5e3cb60c,d64221ad-1dde-4bbb-9029-2c9f26512d49,Information Security
16f3293b-0cd9-4077-b047-52acb65bd50b,f30fbd3f-0211-4184-a407-143eeb739b66,Data Onboarding
4844ce94-7819-4e32-8a55-507ca8e0ac23,4d936e3c-6045-41a1-b1ea-f476be1cbcc4,Information Security
29d91c82-8187-40fb-8b15-c4452ec0fbfc,a6f2e4f1-05cc-4bfe-ab7f-616fd005edca,Information Security
2413624c-5971-4f99-99e9-717c457b909d,23c9e51b-7657-4bff-bfe6-fbe3d956238a,Operations
e844a131-4b01-4e74-b64e-11d16c21144d,b869a449-6b15-4ad9-96d0-da6ace802a03,Investor Reporting
a83f3a9d-77a8-48c8-80cc-ad726bf4b43d,f09e19e2-00b0-4229-bb5f-b20ee720accc,Surveillance CRE
b9ab4e9c-8e7f-4d50-b22a-f581626d6a1a,84e86fb8-f7f4-4c99-83a6-5ecb3cd95fb1,Investor Reporting
a1cd5b4d-c712-4bf2-9bd3-5a5f1a2edcaf,f1104526-854c-459c-a5e1-fbc95515602a,Compliance
833ccdb4-0e72-438c-b998-2e84af17b535,8049e822-ea5c-4d36-acef-63be93a0100e,Data Onboarding
c11cda06-18e7-44e1-9d0b-509f1d07d099,80b303fc-2747-49d5-8218-259a5ee2e6e4,External Party
ed0dd99c-a357-4406-8713-216a01f1d18f,b75eb017-28d7-43bc-a1d3-e430c6c0a822,External Party
9e28203a-2699-471b-93a7-151091d9613c,31da1607-725a-4f91-83f3-4394c4e34881,Compliance
89d3eade-25c3-4826-a00b-9fa401831e67,6bf053dd-202f-45a1-a21c-08bd7425811d,Operations
bb29b46b-ea42-4971-a5d9-0c3e8089bab1,a6b6987f-5021-4948-a321-f0991967426a,Finance
59ed2fa7-3872-4986-9aad-f0c5ffe1b3a3,7a84fc06-3c6b-4bc5-a1bf-1f4a05dece2b,IT
39770876-4c30-4cd7-9669-3bb8cf5daecb,8f53a692-f586-4d7c-bed5-b2de7d4465c8,Finance
42754e58-0df2-48fe-8f38-c3e69d428ca9,cc871f2b-c9c9-46ba-be52-4497102be8a0,Finance
327ae5d8-ac72-457f-92f7-cf086e175b0f,f7767caa-61af-40cf-b348-3a2d2b61dde5,External Party
87e2edac-fdab-4b04-ab49-6433872f1096,26705376-7e99-4322-b49a-26696f0237f3,Finance
2a43773b-c8e1-49c3-9d17-24c44ba3c305,537f4512-7ef2-411d-8527-0e3ead1c04f3,IT
90a79f9c-2577-40f0-a1f8-c3e630441883,2d50a474-fa85-4387-9d4e-a1258091cc7b,Data Onboarding
4a7cbd01-237d-47ef-a34c-7c84db4c7655,49998745-c481-4e5f-b796-79bec8114d8a,External Party
9ed561f8-c559-4db6-8593-3203e334e5a9,38aee094-8ea9-48c1-bcfb-7b0869e5226c,Information Security
667d8f7c-d6dd-4dbd-b3d7-2ab8582cdff7,90d55bf7-0eae-43b1-b198-d51e85648c53,Investor Reporting
db0c3641-8f9d-4275-b9f3-05d845875b70,e33c4d2e-5514-4412-ad19-f69c7caf439f,Surveillance Infrastructure
00a37a83-cdfc-44c8-bbfa-9c5e69e69fb4,3be9d7f3-5bea-4b41-b259-36f03a3bb973,External Party
d9168fa7-8840-44e4-989e-5afc23ed53d8,d20340fa-58a6-4112-b8dc-342217d9bb0c,Surveillance Infrastructure
667d8f7c-d6dd-4dbd-b3d7-2ab8582cdff7,52fa5d80-a093-4f74-8549-139c6a3c1aab,Loan Servicing & Banking
86ef32fa-0b8d-48e6-8128-7c34a2b7e9be,7aa7b11c-5e07-4084-a410-24cdfe2b1519,Compliance
f4a264df-744e-4924-b994-1a85c17f686f,4681da38-960c-4392-965e-78e7cef8a605,Information Security
b3554582-6c38-4046-972c-324635a00f17,8222720f-6e36-4964-b68b-1ae50deaf695,IT
78a03c1f-9824-41ec-8766-c48a8c830d73,6f524c9f-4f5d-4b11-830c-f93318ef692c,Information Security
b9ab4e9c-8e7f-4d50-b22a-f581626d6a1a,acbc6c73-3c49-43d4-b84d-a7720b81a7e4,Surveillance CRE
ab55199c-1a1a-466e-872c-554eff67d241,1fb2c319-b240-4063-939a-2d219ed4598d,Investor Reporting
1f08cb1a-c3c0-4380-9c99-5918dafbaf02,8a0fabca-fb83-4174-81c3-a7ee8ba0b302,Investor Reporting
e6797bf3-c27f-49a4-bf0e-0d07561e3049,a1bbc7ae-21aa-41c3-83a9-b17b90661c6f,Information Security
95c98c3b-b7a4-4721-b0ce-80d64474beec,f069f1f9-4ede-430b-92b4-374abd773234,Surveillance Infrastructure
6dbf61f5-961c-47d5-ae0d-fc9749d5c116,3860d468-67fa-411b-9c0a-f2d909869432,Data Onboarding
1c609b93-edbd-43f9-a9d5-758b708e269c,42e17a95-9b8c-435a-89f7-5b1421afa4d9,Data Onboarding
d077ba23-c8a8-45da-9d83-71758e31d2b6,56d2dc69-de44-49bd-bf93-8da5c3396558,Investor Reporting
3f9b1eb7-9b8f-4838-a116-e3182fc5ed48,7f744577-25bc-4721-a7f2-78f9d697fe98,External Party
e42a05f3-040a-4289-80c5-082af80ec074,4b32aa04-8172-4f93-889e-700cbf019457,Investor Reporting
392c6f51-8f6f-422f-b2a5-93eea1de6855,ace65936-b99b-404d-825d-6237c109cb4e,IT
1c609b93-edbd-43f9-a9d5-758b708e269c,23adf305-4d07-4019-8219-7a8c423be393,Investor Reporting
a599e2ba-eb67-4762-8987-3ea189f8a509,a0add669-5d1a-42eb-9b83-6001a761f2fe,Operations
f15cedd1-bbeb-43fa-823c-c3d8681ce431,d748b412-d3cc-42f4-9487-c157c1639cd2,IT
608fdacb-7793-447f-a45c-e19544df86b0,cf4ac60b-b8f7-49ee-9465-794f6d2c1232,Data Onboarding
18fce605-4e11-4c28-b8a6-3f944d9c566f,2880d17d-b8a6-4889-b87f-aa1fcdd12405,Compliance
1e231d2e-2cbb-4157-adb6-8488f8d0f250,5c662ddf-0e3c-4f07-b2f0-ca4d4ab3d0f1,Investor Reporting
c48d1155-6e33-4bf4-ae8e-b1ed996d70fa,9bb72d87-c7e4-4ef2-ad1c-81828a532234,IT
d4bb25f9-ad9e-49fa-8f7e-63a65d40665a,d079d8a2-0f03-460a-a4fe-6a268b3480c4,Loan Servicing & Banking
b9dc4d6e-9cd7-4b1b-971f-0ff009966538,4c7d80b4-229e-46c2-a313-139679a570f6,Surveillance Infrastructure
ccc944bb-3edd-494c-9d21-099687b07deb,cefb6bb7-5796-4540-891f-1e9aef3905f9,Data Onboarding
608fdacb-7793-447f-a45c-e19544df86b0,c731617a-193c-45f3-bd45-5f485af4fcc5,Loan Servicing & Banking
bb9041fa-59eb-43e5-8b2e-297df8aeb05b,3cabe186-e75c-49f0-bec8-3df66d443b82,Finance
bb29b46b-ea42-4971-a5d9-0c3e8089bab1,66dc791f-b3fe-4d31-93b8-8ac1be631f32,Compliance
5c7f72ec-2f23-49fa-870c-203fcc5fe4b1,4df1999d-7d25-42da-8652-cff8587a1db1,IT
b74b6ef8-c031-4658-bf48-22985d2ac9ad,9bbb4993-4fd8-48b5-8948-4b9cc8f79fe9,Operations
a7cb624e-c752-4874-a381-8c569717403e,2b99d23e-9f9a-49f9-9fcf-7352afc9f131,Loan Servicing & Banking
da02497b-05eb-4e16-9376-8cf2387c0535,c7197574-5bbe-4f56-85a9-74405ec6fb19,Finance
fc40e6e9-4342-4100-8619-7d3b62487c50,9a2d878f-18a6-41b2-9dea-95d00ef0ec36,Loan Servicing & Banking
a599e2ba-eb67-4762-8987-3ea189f8a509,0ef574df-3f30-481d-a3f4-dc4c8d5b2fd1,Compliance
e078f708-8b25-4cb4-a4e0-52db42378262,78265c20-1207-4a1b-903f-43697b4767d2,Investor Reporting
5fe6d9f1-5269-4931-966d-f88e1f35bd38,7f1b8631-c111-414d-be76-35028a44f27e,Loan Servicing & Banking
96ff44fe-0cd3-47d7-908f-8d7109d195dc,3bb54eb4-87db-4c2f-90d7-645ce01e93ae,Loan Servicing & Banking
ab55199c-1a1a-466e-872c-554eff67d241,6fb84c51-6511-4e2e-843e-24f90a403096,IT
8ab9443b-2466-443a-b7ed-0b2429832737,d98c9949-624d-4a28-9819-6768c02c5de4,External Party
381d5280-fa19-44d8-9d79-a844ba700ac8,cc216e40-ba76-4a9d-9c5d-77d6d58d1b31,Surveillance CRE
4f306e58-7bbe-41e4-a25c-c977c2065288,296aa9ce-494a-4471-9d54-8b6c1d86cc9a,IT
bb9041fa-59eb-43e5-8b2e-297df8aeb05b,d203824b-ffe7-4dee-9e5d-8182cdc0a399,IT
2fdf0322-1b91-43f5-83cb-169d51bb5bbb,c38eb08f-b701-4d71-b06e-4bda36cf1861,Operations
1bb2b85d-2bd5-476d-a6e7-6e4b98aca839,0991c4e8-64dd-4945-967e-11001b5b71d9,Finance
4844ce94-7819-4e32-8a55-507ca8e0ac23,c34f8ddd-de78-4404-9647-579f71fedf7d,Compliance
d9b84cca-490b-4b53-a658-6954ae48e6ba,55397602-0c61-4bc1-9d62-56875d531c7c,Data Onboarding
895b66d6-d8ba-4a8b-8e2e-b56f3d462a82,d88a0d10-94da-4d9e-aa1e-ca3b9a6df284,Finance
3ac03d1c-daa9-49e9-8247-9e0845589a72,78fa3d63-4006-46d9-b4d9-373865499c66,Data Onboarding
4c5ba198-89ae-4762-b8ae-f62dc47d5c7c,0a5283fe-6646-4a5b-a5aa-b830e2af964e,External Party
5ee6947e-9031-4d7b-a21b-c9f16f9d529a,e9629d40-1ada-4e8f-91df-da1676b150f9,Surveillance CRE
4844ce94-7819-4e32-8a55-507ca8e0ac23,043bc931-2abb-415e-b522-0af3674b70a1,IT
11343545-d8a1-42f3-9985-4360df5d0e42,a61c6df7-a164-48de-927a-9b165006687a,Operations
258756cb-7ba0-4546-8479-e557cdcf1eab,cc33373f-6122-435b-9961-b5307a1cc398,External Party
949de67d-b1b6-4423-a0c2-1e7b039ff7da,077a20cd-28a1-4e30-8973-b92d8dbe7f1b,Loan Servicing & Banking
bd9e3867-a1ac-4985-ab6a-77f6fae23a34,d48463be-2fa9-41c6-b716-3cad63c93924,Loan Servicing & Banking
e2c4097f-7ae1-4a2b-8cf2-ea9581788ce1,57e2b776-eb8b-45d2-a4a2-f2e6d278d73f,Surveillance Infrastructure
392c6f51-8f6f-422f-b2a5-93eea1de6855,508c8624-ad4b-46e1-8c85-d2140dc06165,Surveillance Infrastructure
f3f21574-64df-47b5-b256-1b0a9cf9ccd3,758c193b-0233-4d92-8cf1-1006a3b55f58,Loan Servicing & Banking
8605233b-fbdd-4f0d-9f89-46de03541673,29bda808-bbb3-4190-92bb-82c6dbff8392,Investor Reporting
f4a264df-744e-4924-b994-1a85c17f686f,16abc3da-1044-46f0-85a0-b8f11076b2fb,Information Security
3c9cd518-f059-40cf-89f4-8b79352ac6c8,9beb1157-a0f8-4e0c-ad29-8d4a1521d170,Information Security
59ed2fa7-3872-4986-9aad-f0c5ffe1b3a3,c67f6ca1-eaf8-4012-8297-852429ba354f,Operations
2a43773b-c8e1-49c3-9d17-24c44ba3c305,fb861c74-c17b-4b5f-a1c7-2bb8e96789b5,Operations
7c07ed90-aefb-46ed-9bda-8228cd836415,e3914a78-6349-4c8b-b186-7913659890fd,External Party
16f3293b-0cd9-4077-b047-52acb65bd50b,c16b4728-daeb-4494-8710-78d6a4bd7102,Investor Reporting
b9dc4d6e-9cd7-4b1b-971f-0ff009966538,d7818fe4-0d90-4b3e-87c4-ed38c796191e,IT
54629b2c-4826-4c1f-97f6-835b57830520,9265c61c-3aec-41bd-8866-e14f088cd7a8,Finance
dde1afdc-ae86-459e-a83a-de5ca3d9e8ca,7deb9e2f-d776-430f-b390-73d7b4cd8c8f,External Party
69db151b-a122-4bb4-a97b-cae0fdec88d6,51e17294-6d1b-4ce5-9a34-15217048defb,Loan Servicing & Banking
949de67d-b1b6-4423-a0c2-1e7b039ff7da,fb4e14bd-efe5-4941-8f58-1c0c9dbd40c8,Investor Reporting
788a9135-9a68-4bfe-9599-eb524041a558,1d8c4f40-216f-4827-9930-87b13d8ef295,Information Security
2fdf0322-1b91-43f5-83cb-169d51bb5bbb,948d6946-7dcf-4d67-b313-aff5b7d534c2,External Party
392c6f51-8f6f-422f-b2a5-93eea1de6855,db7aac2f-5209-4ab3-b309-1327f4a87c91,Finance
4a7cbd01-237d-47ef-a34c-7c84db4c7655,3c313719-7295-4639-a12d-bce1e1617a7b,Operations
21b25fae-780b-46d1-9556-7a4b53385e87,2072769e-287d-4f95-9feb-7b478c94d12b,Investor Reporting
09e28b10-a3c8-4ce5-b602-139b450d825c,08d3fee9-6a28-44ae-8f11-3886f3f82bdb,External Party
c6f8ad24-9bae-4dfb-b0c3-491929c63f1c,618c8df0-bb49-42ed-b348-1a4f53430f7f,Loan Servicing & Banking
0e5165b0-b8b7-46a6-a3e7-268bf2b99701,c350f647-2d66-47f3-9bf2-e54afb058126,Data Onboarding
5c7f72ec-2f23-49fa-870c-203fcc5fe4b1,e9333633-36d8-4df8-b7a0-c86a18a430e8,Operations
ca6c8bbe-d9bd-4e5e-a047-9f9db72d7f86,96023a55-8493-4212-80fa-a8a32e4f0092,Surveillance CRE
c48d1155-6e33-4bf4-ae8e-b1ed996d70fa,3652b278-6332-4d11-9e71-c0c149d98939,Operations
1c609b93-edbd-43f9-a9d5-758b708e269c,22824803-bd3a-415c-9e21-97c65e9fd7a2,Loan Servicing & Banking
4844d6f9-fd02-44d0-8794-81aee5118bbf,4daa8c10-3f61-47af-bf66-e30cb84f71c2,Finance
176d3013-7936-4a68-bd6b-def9b44d3b78,e2aefdf0-67b1-4ca6-b627-cef5f2579916,Investor Reporting
0ba610a0-1579-4253-be69-c63d11c7126d,c1ab8a80-df4a-4d2f-ad5d-806dc581d36d,Finance
79cc44fa-706d-4a00-8ec7-0e8784823adb,0855133c-b7fe-41e0-a833-0d2306ecc677,Finance
fb28db24-b9c3-48e8-8c09-1e81f836d3d6,93e9bf33-c351-4696-a41b-6b72a5fa0223,Data Onboarding
da02497b-05eb-4e16-9376-8cf2387c0535,76cfc5e8-6342-4e22-ba57-d90af94ba2ea,Information Security
ab55199c-1a1a-466e-872c-554eff67d241,a975e83b-e34a-41de-8173-820bac04947b,External Party
8ab9443b-2466-443a-b7ed-0b2429832737,df80da7a-6d21-4abe-a24f-12eca6017112,Investor Reporting
e2c4097f-7ae1-4a2b-8cf2-ea9581788ce1,3d9fdfb4-427c-48d6-a849-7ab88a70a3f8,Surveillance Infrastructure
770c67f3-f03a-42b0-bb5b-a7fb495d9918,e3dda502-d654-4a85-a035-76ace11a198f,Finance
f78ddc4b-9b9e-46c2-99d1-c275feed295a,e3f62717-89df-4312-892a-5388706eb699,Data Onboarding
8a4dedf9-a3b3-4694-943a-65bee00d1ef5,d73d414a-6a6a-4e1c-811b-594a2e21503f,IT
a4c7fd38-163b-40a2-92f2-2924835340c6,4050c853-5fab-4c02-b339-35643980da59,IT
79cc44fa-706d-4a00-8ec7-0e8784823adb,95449c15-00ef-4d9a-b761-cf178483b846,Surveillance CRE
d9168fa7-8840-44e4-989e-5afc23ed53d8,2e6f2ef3-f3b2-4313-84a4-b44525d45cfd,Compliance
a8c2b099-deb4-4413-9b4b-6100a9e84e18,7ea48da0-fe7f-44b8-a5f1-7be06fd81e11,Surveillance CRE
da02497b-05eb-4e16-9376-8cf2387c0535,45d0c60c-c243-4182-86cc-2613041d5c8f,Operations
4a8d6307-b2c7-496e-bf8f-89885efe91ba,b83ae346-1fa3-4e0c-9b71-6f1414676f52,Investor Reporting
aa21c464-4038-4804-b01e-6eec2d9200f3,b55506cf-0d24-4d2e-9422-f91d960d6b79,Surveillance Infrastructure
db0c3641-8f9d-4275-b9f3-05d845875b70,3ab02836-8968-49a5-a33d-bed6a6c1a337,Finance
d077ba23-c8a8-45da-9d83-71758e31d2b6,3fd42f5b-92e5-4cb0-9838-2930edc0e494,Surveillance CRE
7e9f4fae-1779-4876-9ef0-3e93125738d5,b381f205-ec29-485e-9f79-fd3b10ddab80,External Party
54629b2c-4826-4c1f-97f6-835b57830520,83def16e-e792-4da4-bf9c-1ae1e9c1ba5c,External Party
258756cb-7ba0-4546-8479-e557cdcf1eab,90a7399a-6d07-4a11-850d-d3bc46879e7d,Operations
493a85c9-c3e2-4422-b328-a97a879ee284,95dee4c6-ebd4-4755-9fb0-2bfa423c3508,Operations
2413624c-5971-4f99-99e9-717c457b909d,afe6f5c2-e9fd-455a-9573-34fca3b659a7,Information Security
9e28203a-2699-471b-93a7-151091d9613c,99ccbf6a-8280-43f2-9342-8d9b467920fe,Investor Reporting
94d925ed-2b40-4672-9a40-3b17f474a161,a90b9665-ae3d-4223-9e1d-a8188a19b460,Compliance
7a255f79-3f21-4733-a3ee-2b316f4d12fa,4ae6c955-19dd-492a-8939-215cb2a8cd56,Data Onboarding
ad8ab490-ee4e-47e0-bb01-7e8dc7a92bce,6d627468-e0d2-4783-82b7-e7c0aaa958f4,Surveillance Infrastructure
e078f708-8b25-4cb4-a4e0-52db42378262,88b08575-d19e-4d83-b9be-9b587f1c778b,Finance
5985b1a4-d6eb-4aef-bc41-45a1d8603000,2881a510-a431-4c57-8d35-f28d1526cd5e,External Party
8605233b-fbdd-4f0d-9f89-46de03541673,a14feb4d-7f6a-4609-948d-43d2db241464,Operations
18fce605-4e11-4c28-b8a6-3f944d9c566f,53de508e-2408-4ae9-b889-c580d973360e,External Party
5fe6d9f1-5269-4931-966d-f88e1f35bd38,11b76395-81c2-4f77-9328-e6a4b661851f,Compliance
949de67d-b1b6-4423-a0c2-1e7b039ff7da,96b8db12-3b00-498a-91bd-f957e8be59d4,External Party
83d43304-9bf3-4435-a236-0269427a8906,1f78b665-5873-4ced-b829-db2aa57ee5d1,Operations
87e2edac-fdab-4b04-ab49-6433872f1096,3f2eb357-53b2-45fe-b192-c4ad5b4af0b6,Investor Reporting
667d8f7c-d6dd-4dbd-b3d7-2ab8582cdff7,8e5ece90-51e8-4069-8521-c0ac2d4d1ea7,External Party
2de837b5-7184-42b2-9719-8129c6fc17c1,c0233516-32ea-4637-af5b-f83abd0c081e,Data Onboarding
b4c21d65-d780-41e0-8794-081bb6081b32,e7d49ec6-4e68-477a-87f4-8fe38d52611e,Operations
83269e0b-1e70-4d65-b9ad-5fe696752f33,21d82918-a4ad-423e-b9ad-f6d9ac4b3e1b,Data Onboarding
895b66d6-d8ba-4a8b-8e2e-b56f3d462a82,20191360-6822-433a-9ec1-b10e2d251e10,IT
69db151b-a122-4bb4-a97b-cae0fdec88d6,c81f4645-3ced-409c-b669-1fd50839dad5,IT
a8c2b099-deb4-4413-9b4b-6100a9e84e18,8bdc4715-182c-4cc7-bca3-bf3e24bd2cdf,Investor Reporting
54629b2c-4826-4c1f-97f6-835b57830520,48538734-d81d-4a4c-b215-194a9cb1e688,Finance
b195e1ff-c588-4462-bd21-3a6409181cca,51846e19-872e-44e1-9c19-2ef8e330acb2,Loan Servicing & Banking
4c5ba198-89ae-4762-b8ae-f62dc47d5c7c,30cea0eb-05f5-40ca-868c-2a9c83b37982,Investor Reporting
87e2edac-fdab-4b04-ab49-6433872f1096,d31dc686-a80f-4663-8d36-66bacbaf6eda,External Party
d257ac61-57fc-4e46-a455-e3ce3d0a8a23,6a44748d-df23-4732-8798-0a412035f50a,
ed0dd99c-a357-4406-8713-216a01f1d18f,b04f2c30-e7fe-4588-b482-8f1c946fe0c1,
8605233b-fbdd-4f0d-9f89-46de03541673,f5abaf76-f3b2-4c26-b0bb-2999db776730,
dde1afdc-ae86-459e-a83a-de5ca3d9e8ca,cd817e99-e44b-483e-89f0-45d8659eafc5,
